<?xml version="1.0" encoding="utf-8" ?>

<Patch>	

	<Operation Class="PatchOperationReplace">
		<xpath>/Defs/ThingDef[defName="Mech_Centipede"]/butcherProducts</xpath>
		<value>	
			<butcherProducts>			
				  <Steel>50</Steel>				  
				  <Plasteel>20</Plasteel>
				  <Gold>15</Gold>
			</butcherProducts>				
		</value>
	</Operation>
	
	<Operation Class="PatchOperationReplace">
		<xpath>/Defs/ThingDef[@Name="BaseMechanoidWalker"]/butcherProducts</xpath>
		<value>
			<butcherProducts>
			  <Steel>25</Steel>
			  <Plasteel>10</Plasteel>
			  <Gold>5</Gold>
			</butcherProducts>
		</value>
	</Operation>

	
	<Operation Class="PatchOperationReplace">
		<xpath>/Defs/ThingDef[defName="Mech_Termite"]/butcherProducts</xpath>
		<value>
			<butcherProducts>
			  <Steel>50</Steel>
			  <Plasteel>20</Plasteel>
			  <Gold>15</Gold>
			</butcherProducts>
		</value>
	</Operation>
	
</Patch>

